Ette	esi	esi	tte		S	adt
    	@ette	ette	0		D	
    	ette	ette	0		K	
tulli	tull	tull	0		S	adt
     	tull	tull	0		S	sg g
     	tull	tull	0		S	sg p
     	@tuli	tule	i		V	s
     	tuli	tuli	0		S	sg n
Jaan	@Jaan	Jaan	0		H	sg n
    	jaan	jaan	0		S	sg n
    	jaan	jaan	0		Y	?
Peterson	Peterson	Peterson	0		H	sg n
nink	####	####				
    	#ning	ning	0		J	
kaibas	####	####				
      	#kaebas	kaeba	s		V	s
et	et	et	0		J	
Peter	Peeter	Peter	0		H	sg n
Präts	####	####				
     	#Präts	Präts	0		H	sg n
tedda	####	####				
     	#teda	tema	da		P	sg p
ollew	####	####				
     	#olevat	ole	v		V	vat
karakotti	kara_kott	kara_kott	0		S	adt
         	kara_kott	kara_kott	0		S	sg p
         	£kaerakoti	kaera_kott	0		S	sg g
wargas	varas	varas	s		S	sg in
       	£vargaks	varas	s		S	sg tr
sõimano	####	####				
       	#sõimanud	sõima	no		V	nud
,	,	,			Z	
nink	####	####				
    	#ning	ning	0		J	
nõudis	nõudis	nõud	is		V	s
selle	@selle	see	0		P	sg g
     	sell	sell	e		S	pl p
eest	eest	eest	0		D	
    	@eest	eest	0		K	
    	esi	esi	st		S	sg el
150	150	150	0		N	?
Rubla	rubla	rubla	0		S	sg g
     	rubla	rubla	0		S	sg n
     	@rubla	rubla	0		S	sg p
.	.	.			Z	
Ette	esi	esi	tte		S	adt
    	@ette	ette	0		D	
    	ette	ette	0		K	
kutsuti	kutsuti	kutsu	ti		V	ti
Peter	Peeter	Peter	0		H	sg n
Präts	####	####				
     	#Präts	Präts	0		H	sg n
nink	####	####				
    	#ning	ning	0		J	
temma	####	####				
     	tema	tema	0		P	sg g
     	#tema	tema	0		P	sg n
ütles	ütles	ütle	s		V	s
nid	####	####				
   	#nõnda	nõnda	0		D	
:	:	:			Z	
nema	####	####				
    	#nemad	tema	0		P	pl n
tulnowa	####	####				
       	#tulnud	tule	nova		V	nuvad
Jaan	@Jaan	Jaan	0		H	sg n
    	jaan	jaan	0		S	sg n
    	jaan	jaan	0		Y	?
Petersoniga	Petersoniga	Peterson	ga		H	sg kom
Loosi	loos	loos	0		S	adt
     	loos	loos	0		S	sg g
     	loos	loos	0		S	sg p
     	loosi	loosi	0		V	o
     	£Loosi	Loosi	0		H	sg g
Maggassi	####	####				
        	#magasini	magasin	0		S	sg g
mant	mant	mant	0		D	
    	@mant	mant	0		K	
    	mant	mant	0		S	sg n
,	,	,			Z	
nink	####	####				
    	#ning	ning	0		J	
Salusse	salu	salu	sse		S	sg ill
       	£Saaluse	Salusse	0		H	sg g
kõrtsi	kõrts	kõrts	0		S	adt
      	@kõrts	kõrts	0		S	sg g
      	kõrts	kõrts	0		S	sg p
mant	mant	mant	0		D	
    	@mant	mant	0		K	
    	mant	mant	0		S	sg n
tulno	####	####				
     	#tulnud	tule	no		V	nud
Peterson	Peterson	Peterson	0		H	sg n
een	####	####				
   	ees	ees	0		K	
   	#ees	ees	0		D	
ärra	####	####				
    	#ära	ära	0		D	
    	ära	ära	0		V	neg o
nink	####	####				
    	#ning	ning	0		J	
temma	####	####				
     	tema	tema	0		P	sg g
     	#tema	tema	0		P	sg n
tulno	####	####				
     	#tulnud	tule	no		V	nud
ka	ka	ka	0		D	
õkwa	õkva	õkva	0		D	
perra	####	####				
     	#perra	perra	0		D	
     	perra	perra	0		K	
ent	ent	ent	0		J	
ei	ei	ei	0		D	
  	@ei	ei	0		V	neg
olle	####	####				
    	#ole	ole	0		V	o
enne	@enne	enne	0		D	
    	enne	enne	0		K	
    	enne	enne	0		S	sg n
järgi	@järgi	järgi	0		D	
     	järgi	järgi	0		K	
     	järgi	järgi	0		V	o
     	järg	järg	i		S	pl p
sano	####	####				
    	#saanud	saa	no		V	nud
kui	kui	kui	0		D	
   	@kui	kui	0		J	
Hindoalla	####	####				
         	#Hindoala	Hindoalla	0		H	sg g
weski	@veski	veski	0		S	sg g
     	veski	veski	0		S	sg n
lähhikessen	####	####				
           	#lähedal	lähikesen	0		K	
sis	####	####				
   	#siis	siis	0		D	
   	siis	siis	0		J	
saisno	####	####				
      	#seisnud	seis	no		V	nud
Peterson	Peterson	Peterson	0		H	sg n
tee	@tee	tee	0		S	sg g
   	tee	tee	0		S	sg n
   	tege	tege	0		V	o
päält	####	####				
     	#pealt	pealt	0		K	
     	pealt	pealt	0		D	
kõrwa	kõrv	kõrv	0		S	adt
     	kõrv	kõrv	0		S	sg g
     	kõrv	kõrv	0		S	sg p
     	£kõrvale	kõrvale	0		D	
puhmo	####	####				
     	#puhma	puhm	0		S	sg g
sisse	sisse	sisse	0		D	
     	@sisse	sisse	0		K	
     	siss	siss	e		S	pl p
nink	####	####				
    	#ning	ning	0		J	
temma	####	####				
     	tema	tema	0		P	sg g
     	#tema	tema	0		P	sg n
kutsno	####	####				
      	#kutsunud	kutsu	no		V	nud
säält	####	####				
     	#sealt	sealt	0		D	
wälja	väli	väli	0		S	adt
     	väli	väli	0		S	sg g
     	väli	väli	0		S	sg p
     	@välja	välja	0		D	
     	välja	välja	0		V	o
     	välja	väli	0		S	adt
     	välja	väli	0		S	sg g
     	välja	väli	0		S	sg p
ent	ent	ent	0		J	
Peterson	Peterson	Peterson	0		H	sg n
ei	ei	ei	0		D	
  	@ei	ei	0		V	neg
olle	####	####				
    	#ole	ole	0		V	o
tulno	####	####				
     	#tulnud	tule	no		V	nud
,	,	,			Z	
nink	####	####				
    	#ning	ning	0		J	
temma	####	####				
     	tema	tema	0		P	sg g
     	#tema	tema	0		P	sg n
sõitno	####	####				
      	#sõitnud	sõit	no		V	nud
Hindoalla	####	####				
         	#Hindoala	Hindoalla	0		H	sg g
weski	@veski	veski	0		S	sg g
     	veski	veski	0		S	sg n
päle	####	####				
    	#peale	peale	0		K	
    	peale	peale	0		D	
nink	####	####				
    	#ning	ning	0		J	
Peterson	Peterson	Peterson	0		H	sg n
tulno	####	####				
     	#tulnud	tule	no		V	nud
½tunni	####	####				
      	#½_tunni	½_tund	0		S	sg g
perrast	####	####				
       	#pärast	pärast	0		K	
       	pärast	pärast	0		D	
koddo	####	####				
     	#koju	kodu	0		S	adt
nink	####	####				
    	#ning	ning	0		J	
tema	tema	tema	0		P	sg g
    	@tema	tema	0		P	sg n
kaeno	####	####				
     	#kaenud	kae	no		V	nud
läbbi	####	####				
     	läbi	läbi	0		D	
     	#läbi	läbi	0		K	
     	läbi	läbi	0		V	o
akna	akna	aken	0		S	sg g
kui	kui	kui	0		D	
   	@kui	kui	0		J	
Peterson	Peterson	Peterson	0		H	sg n
temma	####	####				
     	#tema	tema	0		P	sg g
     	tema	tema	0		P	sg n
Ree	ree	regi	0		S	sg g
päält	####	####				
     	#pealt	pealt	0		K	
     	pealt	pealt	0		D	
kotti	kott	kott	0		S	adt
     	kott	kott	0		S	sg p
     	kotti	kotti	0		D	
     	kott	kott	i		S	pl p
     	£koti	kott	0		S	sg g
tõstno	####	####				
      	#tõstnud	tõst	no		V	nud
nink	####	####				
    	#ning	ning	0		J	
sis	####	####				
   	#siis	siis	0		D	
   	siis	siis	0		J	
weel	@veel	veel	0		D	
    	vesi	vesi	l		S	sg ad
    	veel	vesi	l		S	sg ad
sisse	@sisse	sisse	0		D	
     	sisse	sisse	0		K	
     	siss	siss	e		S	pl p
tulno	####	####				
     	#tulnud	tule	no		V	nud
nink	####	####				
    	#ning	ning	0		J	
temma	####	####				
     	tema	tema	0		P	sg g
     	#tema	tema	0		P	sg n
üttelno	####	####				
       	#ütelnud	ütle	no		V	nud
misperrast	####	####				
          	#mispärast	mis_pärast	0		D	
sinna	sinna	sinna	0		D	
     	@sina	sina	0		P	sg n
minno	####	####				
     	mind	mina	0		P	sg p
     	minu	mina	0		P	sg g
     	#minust	mina	0		P	sg el
paggesid	####	####				
        	#pagesid	page	sid		V	sid
,	,	,			Z	
sinna	sinna	sinna	0		D	
puhmo	####	####				
     	#puhma	puhm	0		S	sg g
sisse	sisse	sisse	0		D	
     	@sisse	sisse	0		K	
     	siss	siss	e		S	pl p
ent	ent	ent	0		J	
Peterson	Peterson	Peterson	0		H	sg n
üttelno	####	####				
       	#ütelnud	ütle	no		V	nud
et	et	et	0		J	
temma	####	####				
     	tema	tema	0		P	sg g
     	#tema	tema	0		P	sg n
ei	ei	ei	0		D	
  	@ei	ei	0		V	neg
ollew	####	####				
     	#olevat	ole	v		V	vat
olno	####	####				
    	#olnud	ole	no		V	nud
,	,	,			Z	
nink	####	####				
    	#ning	ning	0		J	
nemma	####	####				
     	#nemad	tema	0		P	pl n
tahtno	####	####				
      	#tahtnud	taht	no		V	nud
wimate	####	####				
      	#viimati	viimati	0		D	
sinna	sinna	sinna	0		D	
kaema	kaema	kae	ma		V	ma
minna	minna	mine	a		V	da
ent	ent	ent	0		J	
kui	kui	kui	0		D	
   	@kui	kui	0		J	
wälja	väli	väli	0		S	adt
     	väli	väli	0		S	sg g
     	väli	väli	0		S	sg p
     	@välja	välja	0		D	
     	välja	välja	0		V	o
     	välja	väli	0		S	adt
     	välja	väli	0		S	sg g
     	välja	väli	0		S	sg p
tulno	####	####				
     	#tulnud	tule	no		V	nud
nink	####	####				
    	#ning	ning	0		J	
hobbese	####	####				
       	#hobuse	hobune	0		S	sg g
ümbre	####	####				
     	#ümber	ümber	0		D	
käändno	####	####				
       	#käänanud	kääna	no		V	nud
sis	####	####				
   	#siis	siis	0		D	
   	siis	siis	0		J	
löüdno	####	####				
      	#leidnud	leid	no		V	nud
et	et	et	0		J	
karakot	####	####				
       	#kaerakott	kaera_kott	0		S	sg n
kos	####	####				
   	#kus	kus	0		D	
6	6	6	0		N	?
karuist	####	####				
       	¤					
kaaro	####	####				
     	#kaeru	kaeru	o		S	pl p
sissen	####	####				
      	#sees	sees	0		D	
,	,	,			Z	
olno	####	####				
    	#olnud	ole	no		V	nud
ärra	####	####				
    	#ära	ära	0		D	
    	ära	ära	0		V	neg o
kaddono	####	####				
       	#kadunud	kadu	no		V	nud
nink	####	####				
    	#ning	ning	0		J	
temma	####	####				
     	tema	tema	0		P	sg g
     	#tema	tema	0		P	sg n
küssino	####	####				
       	#küsinud	küsi	no		V	nud
,	,	,			Z	
Peterson	Peterson	Peterson	0		H	sg n
kos	####	####				
   	#kus	kus	0		D	
sinna	sinna	sinna	0		D	
     	£sina	sina	0		P	sg n
minno	####	####				
     	mind	mina	0		P	sg p
     	#minu	mina	0		P	sg g
karakotti	kara_kott	kara_kott	0		S	adt
         	kara_kott	kara_kott	0		S	sg p
         	£kaerakoti	kaera_kott	0		S	sg g
ollet	####	####				
     	#oled	ole	t		V	d
pandno	####	####				
      	#pannud	pane	no		V	nud
,	,	,			Z	
anna	@anna	and	0		V	o
    	anna	anna	0		S	sg g
    	anna	anna	0		S	sg n
tedda	####	####				
     	#teda	tema	da		P	sg p
mulle	@mulle	mina	lle		P	sg all
     	mulle	mulle	0		S	sg n
     	mull	mull	e		S	pl p
kätte	@kätte	käsi	tte		S	adt
     	kätte	kätte	0		K	
,	,	,			Z	
nink	####	####				
    	#ning	ning	0		J	
Peterson	Peterson	Peterson	0		H	sg n
pahhano	####	####				
       	#pahanenud	pahane	no		V	nud
ärra	####	####				
    	#ära	ära	0		D	
    	ära	ära	0		V	neg o
nink	####	####				
    	#ning	ning	0		J	
üttelno	####	####				
       	#ütelnud	ütle	no		V	nud
,	,	,			Z	
kas	kas	kas	0		D	
minna	mine	mine	a		V	da
     	£mina	mina	0		P	sg n
sinno	####	####				
     	#sinu	sina	0		P	sg g
karakotti	kara_kott	kara_kott	0		S	adt
         	kara_kott	kara_kott	0		S	sg p
         	£kaerakoti	kaera_kott	0		S	sg g
warras	varras	varras	0		S	sg n
      	£varas	varas	0		S	sg n
olle	####	####				
    	ole	ole	0		V	o
    	#olen	ole	0		V	n
,	,	,			Z	
nink	####	####				
    	#ning	ning	0		J	
wimate	####	####				
      	#viimati	viimati	0		D	
länno	####	####				
     	#läinud	mine	nno		V	nud
temma	####	####				
     	tema	tema	0		P	sg g
     	#tema	tema	0		P	sg n
ärra	####	####				
    	#ära	ära	0		D	
    	ära	ära	0		V	neg o
koddo	####	####				
     	#koju	kodu	0		S	adt
.	.	.			Z	
Ent	ent	ent	0		J	
Jaan	@Jaan	Jaan	0		H	sg n
    	jaan	jaan	0		S	sg n
    	jaan	jaan	0		Y	?
Peterson	Peterson	Peterson	0		H	sg n
ütles	ütles	ütle	s		V	s
temma	####	####				
     	tema	tema	0		P	sg g
     	#tema	tema	0		P	sg n
tulno	####	####				
     	#tulnud	tule	no		V	nud
kül	####	####				
   	#küll	küll	0		D	
kõrdsi	####	####				
      	#kõrtsi	kõrts	0		S	sg g
mant	mant	mant	0		D	
    	@mant	mant	0		K	
    	mant	mant	0		S	sg n
enne	@enne	enne	0		D	
    	enne	enne	0		K	
    	enne	enne	0		S	sg n
ärra	####	####				
    	#ära	ära	0		D	
    	ära	ära	0		V	neg o
nink	####	####				
    	#ning	ning	0		J	
länno	####	####				
     	#läinud	mine	nno		V	nud
wannamõisade	####	####				
            	#Vanamõisasse	Wannamõisa	de		H	sg ill
sest	see	see	st		P	sg el
    	@sest	sest	0		J	
et	et	et	0		J	
olno	####	####				
    	#olnud	ole	no		V	nud
sääl	####	####				
    	#seal	seal	0		D	
tarwis	@tarvis	tarvis	0		D	
      	tarvis	tarvis	0		K	
minna	minna	mine	a		V	da
,	,	,			Z	
nink	####	####				
    	#ning	ning	0		J	
sis	####	####				
   	#siis	siis	0		D	
   	siis	siis	0		J	
tulno	####	####				
     	#tulnud	tule	no		V	nud
säält	####	####				
     	#sealt	sealt	0		D	
koddo	####	####				
     	#koju	kodu	0		S	adt
Hindoalla	####	####				
         	#Hindoala	Hindoalla	0		H	sg g
weski	@veski	veski	0		S	sg g
     	veski	veski	0		S	sg n
päle	####	####				
    	#peale	peale	0		K	
    	peale	peale	0		D	
sis	####	####				
   	#siis	siis	0		D	
   	siis	siis	0		J	
olno	####	####				
    	#olnud	ole	no		V	nud
Peter	Peeter	Peter	0		H	sg n
Prätsi	####	####				
      	#Prätsi	Präts	0		H	sg g
hobbene	####	####				
       	#hobune	hobune	0		S	sg n
Weski	@veski	veski	0		S	sg g
     	veski	veski	0		S	sg n
läwwe	####	####				
     	#läve	lävi	0		S	sg g
een	####	####				
   	#ees	ees	0		K	
   	ees	ees	0		D	
nink	####	####				
    	#ning	ning	0		J	
temma	####	####				
     	tema	tema	0		P	sg g
     	#tema	tema	0		P	sg n
arwano	####	####				
      	#arvanud	arva	no		V	nud
et	et	et	0		J	
üts	####	####				
   	üks	üks	0		N	sg n
   	#üks	üks	0		P	sg n
weskilinne	####	####				
          	#veskiline	veskiline	0		S	sg n
om	####	####				
  	#on	ole	0		V	b
nink	####	####				
    	#ning	ning	0		J	
kaes	kae	kae	s		S	sg in
    	@kaes	kae	s		V	s
    	käes	käsi	s		S	sg in
    	käes	käes	0		K	
mes	####	####				
   	mis	mis	0		P	pl n
   	#mis	mis	0		P	sg n
kotti	kott	kott	0		S	adt
     	kott	kott	0		S	sg p
     	kotti	kotti	0		D	
     	kott	kott	i		S	pl p
     	£kotid	kott	0		S	pl n
täl	####	####				
   	#tal	tema	l		P	sg ad
pääl	####	####				
    	peal	peal	0		K	
    	#peal	peal	0		D	
olno	####	####				
    	#olnud	ole	no		V	nud
,	,	,			Z	
nink	####	####				
    	#ning	ning	0		J	
wimate	####	####				
      	#viimati	viimati	0		D	
lännosisse	####	####
          	#läinud_sisse	läinud_sisse	0		D	
sis	####	####				
   	#siis	siis	0		D	
   	siis	siis	0		J	
löüdno	####	####				
      	#leidnud	leid	no		V	nud
et	et	et	0		J	
Präts	####	####				
     	#Präts	Präts	0		H	sg n
sääl	####	####				
    	#seal	seal	0		D	
olno	####	####				
    	#olnud	ole	no		V	nud
,	,	,			Z	
nink	####	####				
    	#ning	ning	0		J	
Präts	####	####				
     	#Präts	Präts	0		H	sg n
üttelno	####	####				
       	#ütelnud	ütle	no		V	nud
mes	####	####				
   	mis	mis	0		P	pl n
   	#mis	mis	0		P	sg n
sinna	sinna	sinna	0		D	
     	£sina	sina	0		P	sg n
minnost	####	####				
       	#minust	mina	st		P	sg el
paggesit	####	####				
        	#pagesid	page	sid		V	sid
sinna	sinna	sinna	0		D	
puhmo	####	####				
     	#puhma	puhm	0		S	sg g
sisse	sisse	sisse	0		D	
     	@sisse	sisse	0		K	
     	siss	siss	e		S	pl p
ent	ent	ent	0		J	
temma	####	####				
     	tema	tema	0		P	sg g
     	#tema	tema	0		P	sg n
üttelno	####	####				
       	#ütelnud	ütle	no		V	nud
henda	####	####				
     	#enda	ise	0		P	sg g
mitte	mitte	mitte	0		D	
ollew	####	####				
     	#olevat	ole	v		V	vat
,	,	,			Z	
nink	####	####				
    	#ning	ning	0		J	
wimate	####	####				
      	#viimati	viimati	0		D	
omma	####	####				
    	oma	oma	0		P	sg g
    	#on	ole	0		V	vad
nemma	####	####				
     	#nemad	tema	0		P	pl n
tahtno	####	####				
      	#tahtnud	taht	no		V	nud
neid	neid	neid	0		S	sg n
    	@neid	see	d		P	pl p
    	tema	tema	d		P	pl p
jälgi	jälgi	jälgi	0		V	o
     	@jälg	jälg	i		S	pl p
     	jälk	jälk	0		A	sg g
kaema	kaema	kae	ma		V	ma
minna	minna	mine	a		V	da
,	,	,			Z	
nink	####	####				
    	#ning	ning	0		J	
tulno	####	####				
     	#tulnud	tule	no		V	nud
wälja	väli	väli	0		S	adt
     	väli	väli	0		S	sg g
     	väli	väli	0		S	sg p
     	@välja	välja	0		D	
     	välja	välja	0		V	o
     	välja	väli	0		S	adt
     	välja	väli	0		S	sg g
     	välja	väli	0		S	sg p
,	,	,			Z	
ja	ja	ja	0		J	
sis	####	####				
   	#siis	siis	0		D	
   	siis	siis	0		J	
om	####	####				
  	#on	ole	0		V	b
Präts	####	####				
     	#Präts	Präts	0		H	sg n
üttelno	####	####				
       	#ütelnud	ütle	no		V	nud
Peterson	Peterson	Peterson	0		H	sg n
sinna	sinna	sinna	0		D	
     	£sina	sina	0		P	sg n
ollet	####	####				
     	#oled	ole	t		V	d
minno	####	####				
     	mind	mina	0		P	sg p
     	#minu	mina	0		P	sg g
karakotti	kara_kott	kara_kott	0		S	adt
         	kara_kott	kara_kott	0		S	sg p
         	£kaerakoti	kaera_kott	0		S	sg g
ärra	####	####				
    	#ära	ära	0		D	
    	ära	ära	0		V	neg o
wõtno	####	####				
     	#võtnud	võt	no		V	nud
anna	@anna	and	0		V	o
    	anna	anna	0		S	sg g
    	anna	anna	0		S	sg n
tedda	####	####				
     	#teda	tema	da		P	sg p
kätte	@kätte	käsi	tte		S	adt
     	kätte	kätte	0		K	
tollepäle	####	####				
         	#tollepeale	tolle_peale	0		D	
pahhano	####	####				
       	#pahanenud	pahane	no		V	nud
timma	####	####				
     	#tema	tema	0		P	sg n
ärra	####	####				
    	#ära	ära	0		D	
    	ära	ära	0		V	neg o
nink	####	####				
    	#ning	ning	0		J	
üttelno	####	####				
       	#ütelnud	ütle	no		V	nud
kuddas	####	####				
      	#kuidas	kuidas	0		D	
wõit	võit	võit	0		S	sg n
    	£võid	või	t		V	d
sinna	sinna	sinna	0		D	
     	£sina	sina	0		P	sg n
minno	####	####				
     	#mind	mina	0		P	sg p
     	minu	mina	0		P	sg g
wargas	varas	varas	s		S	sg in
      	£vargaks	varas	s		S	sg tr
tette	####	####				
     	#teha	tege	tte		V	da
nink	####	####				
    	#ning	ning	0		J	
wimate	####	####				
      	#viimati	viimati	0		D	
länno	####	####				
     	#läinud	mine	nno		V	nud
ärra	####	####				
    	#ära	ära	0		D	
    	ära	ära	0		V	neg o
tarre	@tarre	tare	0		S	adt
     	tarre	tarre	0		S	sg n
,	,	,			Z	
sis	####	####				
   	#siis	siis	0		D	
   	siis	siis	0		J	
tulno	####	####				
     	#tulnud	tule	no		V	nud
Präts	####	####				
     	#Präts	Präts	0		H	sg n
nink	####	####				
    	#ning	ning	0		J	
üttelno	####	####				
       	#ütelnud	ütle	no		V	nud
anna	@anna	and	0		V	o
    	anna	anna	0		S	sg g
    	anna	anna	0		S	sg n
minno	####	####				
     	mind	mina	0		P	sg p
     	#minu	mina	0		P	sg g
karakot	####	####				
       	#kaerakott	kaera_kott	0		S	sg n
kätte	@kätte	käsi	tte		S	adt
     	kätte	kätte	0		K	
ent	ent	ent	0		J	
temma	####	####				
     	tema	tema	0		P	sg g
     	#tema	tema	0		P	sg n
wõtno	####	####				
     	#võtnud	võt	no		V	nud
süddame	####	####				
       	#südame	südame	0		S	sg g
täwwega	####	####				
       	#täiega	täis	ga		S	sg kom
kirwe	kirve	kirves	0		S	sg g
nink	####	####				
    	#ning	ning	0		J	
wiskano	####	####				
       	#visanud	viska	no		V	nud
ahjo	####	####				
    	#ahju	ahi	0		S	sg g
wasta	vasta	vasta	0		V	o
     	vastu	vastu	0		D	
     	@vastu	vastu	0		K	
sis	####	####				
   	#siis	siis	0		D	
   	siis	siis	0		J	
om	####	####				
  	#on	ole	0		V	b
temma	####	####				
     	#tema	tema	0		P	sg g
     	tema	tema	0		P	sg n
emmand	emm_and	emm_and	0		S	sg n
      	£emand	emand	0		S	sg n
nakkano	####	####				
       	#nakanud	nakka	no		V	nud
mollembid	####	####				
         	#mõlemaid	mõlema	id		P	pl p
keelma	####	####				
      	#keelama	keela	ma		V	ma
nink	####	####				
    	#ning	ning	0		J	
Prätsi	####	####				
      	#Prätsi	Präts	0		H	sg p
pallema	pall_ema	pall_ema	0		S	sg g
       	pall_ema	pall_ema	0		S	sg n
       	pall_ema	pall_ema	0		S	sg p
       	£paluma	palu	ma		V	ma
et	et	et	0		J	
temma	####	####				
     	tema	tema	0		P	sg g
     	#tema	tema	0		P	sg n
ärra	####	####				
    	#ära	ära	0		D	
    	ära	ära	0		V	neg o
lääsi	lääs	lääs	i		S	pl p
     	£läheks	mine	si		V	ks
nink	####	####				
    	#ning	ning	0		J	
Prats	####	####				
     	#Präts	Präts	0		H	sg n
om	####	####				
  	#on	ole	0		V	b
länno	####	####				
     	#läinud	mine	nno		V	nud
wälja	väli	väli	0		S	adt
     	väli	väli	0		S	sg g
     	väli	väli	0		S	sg p
     	@välja	välja	0		D	
     	välja	välja	0		V	o
     	välja	väli	0		S	adt
     	välja	väli	0		S	sg g
     	välja	väli	0		S	sg p
nink	####	####				
    	#ning	ning	0		J	
tulno	####	####				
     	#tulnud	tule	no		V	nud
weiti	####	####				
     	#veidi	veidi	0		D	
aja	@aja	aeg	0		S	sg g
   	aja	aja	0		V	o
perrast	####	####				
       	#pärast	pärast	0		K	
       	pärast	pärast	0		D	
jälle	jälle	jälle	0		D	
taggasi	####	####				
       	#tagasi	tagasi	0		D	
       	tagasi	tagasi	0		K	
,	,	,			Z	
nink	####	####				
    	#ning	ning	0		J	
ütteno	####	####				
      	#ütelnud	ütle	no		V	nud
sinna	sinna	sinna	0		D	
     	£sina	sina	0		P	sg n
karakotti	kara_kott	kara_kott	0		S	adt
         	kara_kott	kara_kott	0		S	sg p
         	£kaerakoti	kaera_kott	0		S	sg g
warras	varras	varras	0		S	sg n
      	£varas	varas	0		S	sg n
anna	@anna	and	0		V	o
    	anna	anna	0		S	sg g
    	anna	anna	0		S	sg n
minno	####	####				
     	mind	mina	0		P	sg p
     	#minu	mina	0		P	sg g
kot	####	####				
   	#kott	kott	0		S	sg n
kätte	@kätte	käsi	tte		S	adt
     	kätte	kätte	0		K	
ent	ent	ent	0		J	
tema	tema	tema	0		P	sg g
    	@tema	tema	0		P	sg n
emmand	emm_and	emm_and	0		S	sg n
      	£emand	emand	0		S	sg n
pandno	####	####				
      	#pannud	pane	no		V	nud
usse	uss	uss	e		S	pl p
    	£ukse	uks	0		S	sg g
takkast	####	####				
       	#tagasi	tagasi	0		D	
kinni	kinni	kinni	0		D	
nink	####	####				
    	#ning	ning	0		J	
ei	ei	ei	0		D	
  	@ei	ei	0		V	neg
olle	####	####				
    	#ole	ole	0		V	o
laskno	####	####				
      	#lasknud	lask	no		V	nud
sisse	@sisse	sisse	0		D	
     	sisse	sisse	0		K	
     	siss	siss	e		S	pl p
sis	####	####				
   	#siis	siis	0		D	
   	siis	siis	0		J	
wimate	####	####				
      	#viimati	viimati	0		D	
om	####	####				
  	#on	ole	0		V	b
weel	@veel	veel	0		D	
    	vesi	vesi	l		S	sg ad
    	veel	vesi	l		S	sg ad
Prääts	####	####				
      	#Präts	Präts	0		H	sg n
üts	####	####				
   	#üks	üks	0		N	sg n
   	üks	üks	0		P	sg n
kõrd	####	####				
    	kord	kord	0		D	
    	#kord	kord	0		S	sg n
usse	uss	uss	e		S	pl p
    	£ukse	uks	0		S	sg g
manno	####	####				
     	#manu	manu	0		K	
tulno	####	####				
     	#tulnud	tule	no		V	nud
nink	####	####				
    	#ning	ning	0		J	
sis	####	####				
   	#siis	siis	0		D	
   	siis	siis	0		J	
om	####	####				
  	#on	ole	0		V	b
temma	####	####				
     	tema	tema	0		P	sg g
     	#tema	tema	0		P	sg n
käsno	####	####				
     	#käskinud	käski	no		V	nud
wahhi	####	####				
     	#vahi	vahi	0		V	o
temma	####	####				
     	tema	tema	0		P	sg g
     	#tema	tema	0		P	sg n
ni	####	####				
  	#nii	nii	0		D	
kawwa	kava	kava	0		S	adt
     	£kaua	kaua	0		D	
kui	kui	kui	0		D	
   	@kui	kui	0		J	
homminguni	####	####				
          	#hommikuni	hommeng	ni		S	sg ter
sis	####	####				
   	#siis	siis	0		D	
   	siis	siis	0		J	
lassep	####	####				
      	#laseb	lask	b		V	b
kiik	kiik	kiik	0		S	sg n
   	£kõik	kõik	0		S	sg n
läbbi	####	####				
     	#läbi	läbi	0		D	
     	läbi	läbi	0		K	
     	läbi	läbi	0		V	o
otsi	otsi	otsi	0		V	o
    	ots	ots	i		S	pl p
    	£otsida	otsi	0		V	da
.	.	.			Z	
Jaan	@Jaan	Jaan	0		H	sg n
    	jaan	jaan	0		S	sg n
    	jaan	jaan	0		Y	?
Weissberg	####	####				
         	#Veissberg	Weissberg	0		H	sg n
Petersoni	Peterson	Peterson	0		H	adt
         	@Petersoni	Peterson	0		H	sg g
         	Peterson	Peterson	0		H	sg p
sullane	####	####				
       	#sulane	sulane	0		S	sg n
tunnistas	tunnistas	tunnista	s		V	s
,	,	,			Z	
et	et	et	0		J	
Peter	Peeter	Peter	0		H	sg n
Präts	####	####				
     	#Präts	Präts	0		H	sg n
ollew	####	####				
     	#olevat	ole	v		V	vat
sinna	sinna	sinna	0		D	
tulno	####	####				
     	#tulnud	tule	no		V	nud
,	,	,			Z	
nink	####	####				
    	#ning	ning	0		J	
Peterson	Peterson	Peterson	0		H	sg n
tük	####	####				
   	#tükk	tükk	0		S	sg n
aiga	####	####				
    	#aega	aeg	0		S	sg p
perran	####	####				
      	#perra	perra	0		D	
tulno	####	####				
     	#tulnud	tule	no		V	nud
nink	####	####				
    	#ning	ning	0		J	
wimate	####	####				
      	#viimati	viimati	0		D	
om	####	####				
  	#on	ole	0		V	b
Präts	####	####				
     	#Präts	Präts	0		H	sg n
Petersoni	Peterson	Peterson	0		H	adt
         	@Petersoni	Peterson	0		H	sg g
         	Peterson	Peterson	0		H	sg p
käest	@käest	käest	0		K	
     	käsi	käsi	st		S	sg el
nõudno	####	####				
      	#nõudnud	nõud	no		V	nud
karakotti	kara_kott	kara_kott	0		S	adt
         	kara_kott	kara_kott	0		S	sg p
         	£kaerakotti	kaera_kott	0		S	sg p
nink	####	####				
    	#ning	ning	0		J	
6	6	6	0		N	?
..	..	..			Z	
karo	####	####				
    	#kaeru	kaer	o		S	pl p
,	,	,			Z	
nink	####	####				
    	#ning	ning	0		J	
üttelno	####	####				
       	#ütelnud	ütle	no		V	nud
anna	@anna	and	0		V	o
    	anna	anna	0		S	sg g
    	anna	anna	0		S	sg n
kätte	@kätte	käsi	tte		S	adt
     	kätte	kätte	0		K	
sinna	sinna	sinna	0		D	
     	£sina	sina	0		P	sg n
ollet	####	####				
     	#oled	ole	t		V	d
ärra	####	####				
    	#ära	ära	0		D	
    	ära	ära	0		V	neg o
warrastano	####	####				
          	#varastanud	varasta	no		V	nud
,	,	,			Z	
ent	ent	ent	0		J	
Peterson	Peterson	Peterson	0		H	sg n
pahhano	####	####				
       	#pahanenud	pahane	no		V	nud
wäega	vägi	vägi	ga		S	sg kom
     	£väga	väga	0		D	
ärra	####	####				
    	#ära	ära	0		D	
    	ära	ära	0		V	neg o
nink	####	####				
    	#ning	ning	0		J	
wõtno	####	####				
     	#võtnud	võt	no		V	nud
kirwe	kirve	kirves	0		S	sg g
ja	ja	ja	0		J	
wissano	####	####				
       	#visanud	viska	no		V	nud
ahjo	####	####				
    	#ahju	ahi	0		S	sg g
wasta	vasta	vasta	0		V	o
     	vastu	vastu	0		D	
     	@vastu	vastu	0		K	
nink	####	####				
    	#ning	ning	0		J	
sis	####	####				
   	#siis	siis	0		D	
   	siis	siis	0		J	
omma	####	####				
    	oma	oma	0		P	sg g
    	#on	ole	0		V	vad
nema	####	####				
    	#nemad	tema	0		P	pl n
nakkano	####	####				
       	#nakanud	nakka	no		V	nud
Prätsi	####	####				
      	#Prätsi	Präts	0		H	sg g
ärra	####	####				
    	#ära	ära	0		D	
    	ära	ära	0		V	neg o
ajama	ajama	aja	ma		V	ma
nink	####	####				
    	#ning	ning	0		J	
Petersoni	Peterson	Peterson	0		H	adt
         	@Petersoni	Peterson	0		H	sg g
         	Peterson	Peterson	0		H	sg p
emmand	emm_and	emm_and	0		S	sg n
      	£emand	emand	0		S	sg n
om	####	####				
  	#on	ole	0		V	b
Petersoni	Peterson	Peterson	0		H	adt
         	Peterson	Peterson	0		H	sg g
         	@Petersoni	Peterson	0		H	sg p
keelma	####	####				
      	#keelama	keela	ma		V	ma
nakkano	####	####				
       	#nakanud	nakka	no		V	nud
nink	####	####				
    	#ning	ning	0		J	
kirwe	kirve	kirves	0		S	sg g
ahjo	####	####				
    	#ahju	ahi	0		S	adt
wisano	####	####				
      	#visanud	viska	no		V	nud
nink	####	####				
    	#ning	ning	0		J	
wimate	####	####				
      	#viimati	viimati	0		D	
om	####	####				
  	#on	ole	0		V	b
Präts	####	####				
     	#Präts	Präts	0		H	sg n
wälja	väli	väli	0		S	adt
     	väli	väli	0		S	sg g
     	väli	väli	0		S	sg p
     	@välja	välja	0		D	
     	välja	välja	0		V	o
     	välja	väli	0		S	adt
     	välja	väli	0		S	sg g
     	välja	väli	0		S	sg p
länno	####	####				
     	#läinud	mine	nno		V	nud
,	,	,			Z	
nink	####	####				
    	#ning	ning	0		J	
nemma	####	####				
     	#nemad	tema	0		P	pl n
pandno	####	####				
      	#pannud	pane	no		V	nud
usse	uss	uss	e		S	pl p
    	£ukse	uks	0		S	sg g
takkast	####	####				
       	#tagasi	tagasi	0		D	
kinni	kinni	kinni	0		D	
,	,	,			Z	
sis	####	####				
   	#siis	siis	0		D	
   	siis	siis	0		J	
om	####	####				
  	#on	ole	0		V	b
Präts	####	####				
     	#Präts	Präts	0		H	sg n
tulno	####	####				
     	#tulnud	tule	no		V	nud
usse	uss	uss	e		S	pl p
    	£ukse	uks	0		S	sg g
manno	####	####				
     	#manu	manu	0		K	
nink	####	####				
    	#ning	ning	0		J	
nõudno	####	####				
      	#nõudnud	nõud	no		V	nud
jälle	jälle	jälle	0		D	
ja	ja	ja	0		J	
sõimano	####	####				
       	#sõimanud	sõima	no		V	nud
Petersoni	Peterson	Peterson	0		H	adt
         	Peterson	Peterson	0		H	sg g
         	@Petersoni	Peterson	0		H	sg p
karakotti	kara_kott	kara_kott	0		S	adt
         	kara_kott	kara_kott	0		S	sg p
         	£kaerakoti	kaera_kott	0		S	sg g
wargas	varas	varas	s		S	sg in
      	£vargaks	varas	s		S	sg tr
,	,	,			Z	
(	(	(			Z	
ent	ent	ent	0		J	
nemma	####	####				
     	#nemad	tema	0		P	pl n
ei	ei	ei	0		D	
  	@ei	ei	0		V	neg
olle	####	####				
    	#ole	ole	0		V	o
ennamb	####	####				
      	#enam	enam	0		D	
sisse	@sisse	sisse	0		D	
     	sisse	sisse	0		K	
     	siss	siss	e		S	pl p
laskno	####	####				
      	#lasknud	lask	no		V	nud
)	)	)			Z	
nink	####	####				
    	#ning	ning	0		J	
weiti	####	####				
     	#veidi	veidi	0		D	
aja	@aja	aeg	0		S	sg g
   	aja	aja	0		V	o
perrast	####	####				
       	#pärast	pärast	0		K	
       	pärast	pärast	0		D	
om	####	####				
  	#on	ole	0		V	b
Präts	####	####				
     	#Präts	Präts	0		H	sg n
kolmas	kolmas	kolmas	0		O	sg n
kõrd	####	####				
    	kord	kord	0		D	
    	#kord	kord	0		S	sg n
tulno	####	####				
     	#tulnud	tule	no		V	nud
usse	uss	uss	e		S	pl p
    	£ukse	uks	0		S	sg g
manno	####	####				
     	#manu	manu	0		K	
nink	####	####				
    	#ning	ning	0		J	
sõimano	####	####				
       	#sõimanud	sõima	no		V	nud
Petersoni	Peterson	Peterson	0		H	adt
         	Peterson	Peterson	0		H	sg g
         	@Petersoni	Peterson	0		H	sg p
wargas	varas	varas	s		S	sg in
      	£vargaks	varas	s		S	sg tr
ent	ent	ent	0		J	
Peterson	Peterson	Peterson	0		H	sg n
üttelno	####	####				
       	#ütelnud	ütle	no		V	nud
kos	####	####				
   	#kus	kus	0		D	
jäije	####	####				
     	#jäi	jää	ije		V	s
kirwe	kirves	kirves	0		S	sg g
     	£kirves	kirves	0		S	sg n
ma	ma	mina	0		P	sg n
tahha	####	####				
     	taha	taha	0		K	
     	taha	taha	0		D	
     	taha	taht	0		V	o
     	#tahan	taht	0		V	n
kaeda	kaeda	kae	da		V	da
kas	kas	kas	0		D	
temma	####	####				
     	tema	tema	0		P	sg g
     	#tema	tema	0		P	sg n
lähhap	####	####				
      	#läheb	mine	p		V	b
ärra	####	####				
    	#ära	ära	0		D	
    	ära	ära	0		V	neg o
,	,	,			Z	
nink	####	####				
    	#ning	ning	0		J	
sis	####	####				
   	#siis	siis	0		D	
   	siis	siis	0		J	
länno	####	####				
     	#läinud	mine	nno		V	nud
Prats	####	####				
     	#Präts	Präts	0		H	sg n
ärra	####	####				
    	#ära	ära	0		D	
    	ära	ära	0		V	neg o
.	.	.			Z	
Jaan	@Jaan	Jaan	0		H	sg n
    	jaan	jaan	0		S	sg n
    	jaan	jaan	0		Y	?
Mema	####	####				
    	#Meema	Mema	0		H	sg n
Hanja	hanja	hanja	0		S	sg g
     	hanja	hanja	0		S	sg n
     	£Haanja	Hanja	0		H	sg g
wallast	vallast	vald	st		S	sg el
tunnistas	tunnistas	tunnista	s		V	s
et	et	et	0		J	
temma	####	####				
     	tema	tema	0		P	sg g
     	#tema	tema	0		P	sg n
tulno	####	####				
     	#tulnud	tule	no		V	nud
sel	@sel	see	l		P	sg ad
   	sel	sel	0		Y	?
sammal	sammal	sammal	0		S	sg n
      	£samal	sama	l		P	sg ad
õddangul	####	####				
        	#õhtul	õdang	l		S	sg ad
nink	####	####				
    	#ning	ning	0		J	
länno	####	####				
     	#läinud	mine	nno		V	nud
kõrdsimanno	####	####				
           	#kõrtsi_manu	kõrtsi_manu	0		K	
,	,	,			Z	
nink	####	####				
    	#ning	ning	0		J	
Hindoallast	####	####				
           	#Hindoalast	Hindoalla	st		H	sg el
möda	####	####				
    	#mööda	mööda	0		K	
    	mööda	mööda	0		D	
minnen	####	####				
      	#minnes	mine	en		V	des
tulno	####	####				
     	#tulnud	tule	no		V	nud
Peterson	Peterson	Peterson	0		H	sg n
tälle	####	####				
     	#talle	tema	le		P	sg all
wasta	vasta	vasta	0		V	o
     	@vastu	vastu	0		D	
     	vastu	vastu	0		K	
,	,	,			Z	
nink	####	####				
    	#ning	ning	0		J	
temma	####	####				
     	tema	tema	0		P	sg g
     	#tema	tema	0		P	sg n
küssino	####	####				
       	#küsinud	küsi	no		V	nud
paljo	####	####				
     	#palju	palju	0		D	
peas	pea	pea	s		S	sg in
    	£peaks	pida	s		V	ks
kel	kes	kes	l		P	sg ad
   	£kell	kell	0		S	sg n
ollema	####	####				
      	#olema	ole	ma		V	ma
ent	ent	ent	0		J	
Peterson	Peterson	Peterson	0		H	sg n
üttelno	####	####				
       	#ütelnud	ütle	no		V	nud
wist	@vist	vist	0		D	
    	vist	vist	0		S	sg n
om	####	####				
  	#on	ole	0		V	b
kella	kell	kell	0		S	adt
     	@kella	kell	0		S	sg g
     	kell	kell	0		S	sg p
     	kella	kella	0		V	o
10ne	10	10	0		N	sg g
aig	####	####				
   	#aeg	aeg	0		S	sg n
,	,	,			Z	
nink	####	####				
    	#ning	ning	0		J	
tük	####	####				
   	#tükk	tükk	0		S	sg n
maad	maa	maa	d		S	pl n
    	@maad	maa	d		S	sg p
eddesi	####	####				
      	#edasi	edasi	0		D	
sis	####	####				
   	#siis	siis	0		D	
   	siis	siis	0		J	
om	####	####				
  	#on	ole	0		V	b
temma	####	####				
     	tema	tema	0		P	sg g
     	#tema	tema	0		P	sg n
te	sina	sina	0		P	pl g
  	sina	sina	0		P	pl n
  	£tee	tee	0		S	sg g
ärre	####	####				
    	#ääre	äär	0		S	sg g
päält	####	####				
     	#pealt	pealt	0		K	
     	pealt	pealt	0		D	
löünu	####	####				
     	#leidnud	leid	nu		V	nud
üts	####	####				
   	üks	üks	0		N	sg n
   	#üks	üks	0		P	sg n
kot	####	####				
   	#kott	kott	0		S	sg n
kos	####	####				
   	#kus	kus	0		D	
karo	####	####				
    	#kaeru	kaer	o		S	pl p
ka	ka	ka	0		D	
om	####	####				
  	#on	ole	0		V	b
sissen	####	####				
      	#sees	sees	0		D	
olno	####	####				
    	#olnud	ole	no		V	nud
.	.	.			Z	
Kohtomõistus	####	####				
            	#kohtumõistus	kohtu_mõistus	0		S	sg n
:	:	:			Z	
Kunna	####	####				
     	#kuna	kuna	0		J	
nüüd	nüüd	nüüd	0		D	
Peter	Peeter	Peter	0		H	sg n
Präts	####	####				
     	#Präts	Präts	0		H	sg n
om	####	####				
  	#on	ole	0		V	b
Jaan	@Jaan	Jaan	0		H	sg n
    	jaan	jaan	0		S	sg n
    	jaan	jaan	0		Y	?
Petersoni	Peterson	Peterson	0		H	adt
         	Peterson	Peterson	0		H	sg g
         	@Petersoni	Peterson	0		H	sg p
wargas	varas	varas	s		S	sg in
      	£vargaks	varas	s		S	sg tr
sõimano	####	####				
       	#sõimanud	sõima	no		V	nud
nink	####	####				
    	#ning	ning	0		J	
sellepäle	####	####				
         	#sellepeale	selle_peale	0		D	
üttegi	üte	üte	0	gi	S	sg g
      	£ühtegi	üks	0	gi	P	sg p
selget	selget	selge	t		A	sg p
tunnistust	tunnistust	tunnistus	t		S	sg p
ei	ei	ei	0		D	
  	@ei	ei	0		V	neg
olle	####	####				
    	#ole	ole	0		V	o
,	,	,			Z	
nink	####	####				
    	#ning	ning	0		J	
Hindoalla	####	####				
         	#Hindoala	Hindoalla	0		H	sg g
weski	@veski	veski	0		S	sg g
     	veski	veski	0		S	sg n
pääl	####	####				
    	#peal	peal	0		K	
lärmitseno	####	####				
          	#lärmitsenud	lärmitse	no		V	nud
,	,	,			Z	
mõista	mõist	mõist	0		V	o
      	mõist	mõist	a		V	da
      	£mõistame	mõist	0		V	me
meije	####	####				
     	#meie	mina	0		P	pl n
et	et	et	0		J	
Peter	Peeter	Peter	0		H	sg n
Präts	####	####				
     	#Präts	Präts	0		H	sg n
peap	####	####				
    	#peab	pida	b		V	b
masma	####	####				
     	#maksma	maks	ma		V	ma
3	3	3	0		N	?
Rbl	####	####				
   	#rbl	rbl	0		Y	?
.	.	.			Z	
trahwi	trahv	trahv	0		S	adt
      	trahv	trahv	0		S	sg g
      	@trahvi	trahv	0		S	sg p
      	trahvi	trahvi	0		V	o
      	trahvi	trahv	0		S	adt
      	trahvi	trahv	0		S	sg p
      	trahvi	trahv	0		S	sg g
walla	@valla	vald	0		S	sg g
     	valla	valla	0		D	
     	valla	vald	0		S	sg g
waeste	vaene	vaene	te		A	pl g
      	@vaeste	vaene	te		S	pl g
ladikude	####	####				
        	#laadikusse	laadik	de		S	sg ill
(	(	(			Z	
katte	kate	kate	0		S	sg g
     	katt	katt	e		S	pl p
     	kätte	käsi	tte		S	adt
     	kätte	kätte	0		K	
     	kätte	kätte	0		D	
     	£kahe	kaks	0		N	sg g
nädali	####	####				
      	#nädala	nädal	0		S	sg g
aja	@aja	aeg	0		S	sg g
   	aja	aja	0		V	o
sissen	####	####				
      	#sees	sees	0		K	
ärra	####	####				
    	#ära	ära	0		D	
    	ära	ära	0		V	neg o
massa	####	####				
     	maksa	maks	0		V	o
     	#maksta	maks	a		V	da
)	)	)			Z	
.	.	.			Z	
Se	####	####				
  	#see	see	0		P	sg n
kohtomõistus	####	####				
            	#kohtumõistus	kohtu_mõistus	0		S	sg n
sai	@sai	saa	i		V	s
   	sai	sai	0		S	sg n
kohtonkäüjile	####	####				
             	#kohtuskäijatele	kohtus_käija	ile		S	pl all
kulutedus	####	####				
         	#kuulutatud	kuuluta	dus		V	tud tr
nink	####	####				
    	#ning	ning	0		J	
§	§	§	0		Y	?
773	773	773	0		N	?
ja	ja	ja	0		J	
774.	774.	774.	0		O	?
Tal	tema	tema	l		P	sg ad
   	£tal	tal	0		Y	?
.	.	.			Z	
säd	####	####				
   	#säd	säd	0		Y	?
.	.	.			Z	
ram	####	####				
   	#ram	ram	0		Y	?
.	.	.			Z	
1860.	1860.	1860.	0		O	?
a.	a.	a	0		Y	?
ärra	####	####				
    	#ära	ära	0		D	
    	ära	ära	0		V	neg o
selletedus	####	####				
          	#seletatud	seleta	dus		V	tud tr
,	,	,			Z	
mes	####	####				
   	mis	mis	0		P	pl n
   	#mis	mis	0		P	sg n
oppust	####	####				
      	#õppust	õppus	t		S	sg p
andwa	andev	andev	0		A	sg g
     	£andvat	and	va		V	vat
suremba	####	####				
       	#suurema	suurem	0		C	sg g
kohtonkäümissest	####	####				
                	#kohtuskäimisest	kohtus_käimine	st		S	sg el
,	,	,			Z	
ent	ent	ent	0		J	
kohtonkäüja	####	####				
           	#kohtuskäijad	kohtus_käija	0		S	pl n
es	es	es			H	?
  	@ei	ei	s		V	neg s
olle	####	####				
    	#ole	ole	0		V	o
sellega	sellega	see	ga		P	sg kom
rahhul	####	####				
      	rahul	rahu	l		S	sg ad
      	#rahul	rahul	0		D	
nink	####	####				
    	#ning	ning	0		J	
wimate	####	####				
      	#viimati	viimati	0		D	
saije	####	####				
     	#sai	saa	ije		V	s
neile	see	see	le		P	pl all
     	@neile	tema	le		P	pl all
ka	ka	ka	0		D	
§	§	§	0		Y	?
881.	881.	881.	0		O	?
perra	####	####				
     	perra	perra	0		D	
     	#perra	perra	0		K	
se	####	####				
  	#see	see	0		P	sg n
trükkito	####	####				
        	#trükitud	trükki	to		V	tud
oppusse	####	####				
       	#õppuse	õppus	0		S	sg g
leht	leht	leht	0		S	sg n
wälja	väli	väli	0		S	adt
     	väli	väli	0		S	sg g
     	väli	väli	0		S	sg p
     	@välja	välja	0		D	
     	välja	välja	0		V	o
     	välja	väli	0		S	adt
     	välja	väli	0		S	sg g
     	välja	väli	0		S	sg p
antus	antud	antud	s		A	sg in
     	£antud	and	tus		V	tud
.	.	.			Z	
Päkohtomees	####	####				
           	#peakohtumees	pea_kohtu_mees	0		S	sg n
Jürri	####	####				
     	#Jüri	Jürri	0		H	sg n
Waldmann	vald_mann	vald_mann	0		S	sg n
        	£Valdmann	Waldmann	0		H	sg n
Kohtomees	####	####				
         	#kohtumees	kohtu_mees	0		S	sg n
Tannil	####	####				
      	#Tanel	Tannil	0		H	sg n
Oinas	oinas	oinas	0		S	sg n
     	oinas	oinas	s		S	sg in
     	£Oinas	Oinas	0		H	sg n
Kohtomees	####	####				
         	#kohtumees	kohtu_mees	0		S	sg n
Tannil	####	####				
      	#Tanel	Tannil	0		H	sg n
Purge	####	####				
     	#Purge	Purge	0		H	sg n
Kirjotaja	####	####				
         	kirjutaja	kirjutaja	0		S	sg n
         	#kirjutaja	kirjutaja	0		S	sg g
/	/	/			Z	
allkiri	allkiri	all_kiri	0		S	sg n
/	/	/			Z	
Copia	####	####				
     	#koopia	koopia	0		S	sg n
wälja	väli	väli	0		S	adt
     	väli	väli	0		S	sg g
     	väli	väli	0		S	sg p
     	@välja	välja	0		D	
     	välja	välja	0		V	o
     	välja	väli	0		S	adt
     	välja	väli	0		S	sg g
     	välja	väli	0		S	sg p
kirjutet	####	####				
        	#kirjutatud	kirjuta	t		V	tud
Keisrl	####	####				
      	#keisrl	keisrl	0		Y	?
.	.	.			Z	
VI	@VI	VI	0		O	?
  	VI	VI	0		Y	?
Kih	####	####				
   	#kih	kih	0		Y	?
.	.	.			Z	
kohto	####	####				
     	kohtu	kohtu	0		V	o
     	kohtu	kohus	0		S	sg g
     	#kohtule	kohus	0		S	sg all
